地区,师生比,重点中学比例
山东,11.72,38%
江苏,11.07,50%
广东,12.76,25%
河北,13.18,23%
福建,12.76,30%
湖北,13.13,24%
湖南,14.24,25%
海南,12.76,30%
辽宁,11.34,38%
重庆,15.12,20%
北京,8.08,23%
天津,11.14,27%
浙江,10.97,33%
上海,9.00 ,20%
河南,14.46,22%
安徽,13.48,33%
江西,16.06,20%
山西,10.5,20%
陕西,11.42,20%
黑龙江,13.01,20%
吉林,13.1,20%
甘肃,10.88,17%
内蒙古,10.46,20%
青海,12.26,20%
宁夏,13.86,25%
新疆,12.27,17%
四川,13.48,23%
云南,13.54,16%
广西,15.82,18%
贵州,13.69,18%
西藏,12.04,50%
